Title:,Arrests by Race from the Arrests Database,,,,,,,,,,,,,,,,,,,,,,,,,,,,,,,,,,,,,,,,,,,,,,,,,,,,,,,,,,,,,,,,,,,,,,,,,,,,,,,,,,,,,,,,,,,,,,,,,,,,,,,,,,,,,,,,,,,,,,,,,,,,,,,,,,,,,,,,,,,,,,,,,,,,,,,,,,,,,,,,,,,,,,,,,,,,,,,,,,,,,,,,,,,,,,,,,,,,,,,,,,,,,,,,,,,,,,,,,,,,,,,,,,,,,,,,,,,,,,,,,,,,,,,,,,,,,,,,,,,,,,,,,,,,,,,,,,,,,,,,,,,,,,,,,,,,,,,,,,,,,,,,,,,,,,,,,,,,,,,,,,,,,,,,,,,,,,,,,,,,,,,,,,,,,,,
SubTitle:,State - Adult Juvenile: Adult,,,,,,,,,,,,,,,,,,,,,,,,,,,,,,,,,,,,,,,,,,,,,,,,,,,,,,,,,,,,,,,,,,,,,,,,,,,,,,,,,,,,,,,,,,,,,,,,,,,,,,,,,,,,,,,,,,,,,,,,,,,,,,,,,,,,,,,,,,,,,,,,,,,,,,,,,,,,,,,,,,,,,,,,,,,,,,,,,,,,,,,,,,,,,,,,,,,,,,,,,,,,,,,,,,,,,,,,,,,,,,,,,,,,,,,,,,,,,,,,,,,,,,,,,,,,,,,,,,,,,,,,,,,,,,,,,,,,,,,,,,,,,,,,,,,,,,,,,,,,,,,,,,,,,,,,,,,,,,,,,,,,,,,,,,,,,,,,,,,,,,,,,,,,,,,
Time:,1980 - 2019,,,,,,,,,,,,,,,,,,,,,,,,,,,,,,,,,,,,,,,,,,,,,,,,,,,,,,,,,,,,,,,,,,,,,,,,,,,,,,,,,,,,,,,,,,,,,,,,,,,,,,,,,,,,,,,,,,,,,,,,,,,,,,,,,,,,,,,,,,,,,,,,,,,,,,,,,,,,,,,,,,,,,,,,,,,,,,,,,,,,,,,,,,,,,,,,,,,,,,,,,,,,,,,,,,,,,,,,,,,,,,,,,,,,,,,,,,,,,,,,,,,,,,,,,,,,,,,,,,,,,,,,,,,,,,,,,,,,,,,,,,,,,,,,,,,,,,,,,,,,,,,,,,,,,,,,,,,,,,,,,,,,,,,,,,,,,,,,,,,,,,,,,,,,,,,
Unit of Measure:,#,#,#,#,#,#,#,#,#,#,#,#,#,#,#,#,#,#,#,#,#,#,#,#,#,#,#,#,#,#,#,#,#,#,#,#,#,#,#,#,#,#,#,#,#,#,#,#,#,#,#,#,#,#,#,#,#,#,#,#,#,#,#,#,#,#,#,#,#,#,#,#,#,#,#,#,#,#,#,#,#,#,#,#,#,#,#,#,#,#,#,#,#,#,#,#,#,#,#,#,#,#,#,#,#,#,#,#,#,#,#,#,#,#,#,#,#,#,#,#,#,#,#,#,#,#,#,#,#,#,#,#,#,#,#,#,#,#,#,#,#,#,#,#,#,#,#,#,#,#,#,#,#,#,#,#,#,#,#,#,#,#,#,#,#,#,#,#,#,#,#,#,#,#,#,#,#,#,#,#,#,#,#,#,#,#,#,#,#,#,#,#,#,#,#,#,#,#,#,#,#,#,#,#,#,#,#,#,#,#,#,#,#,#,#,#,#,#,#,#,#,#,#,#,#,#,#,#,#,#,#,#,#,#,#,#,#,#,#,#,#,#,#,#,#,#,#,#,#,#,#,#,#,#,#,#,#,#,#,#,#,#,#,#,#,#,#,#,#,#,#,#,#,#,#,#,#,#,#,#,#,#,#,#,#,#,#,#,#,#,#,#,#,#,#,#,#,#,#,#,#,#,#,#,#,#,#,#,#,#,#,#,#,#,#,#,#,#,#,#,#,#,#,#,#,#,#,#,#,#,#,#,#,#,#,#,#,#,#,#,#,#,#,#,#,#,#,#,#,#,#,#
Citation:,"Criminal Justice Information Services Division, Federal Bureau of Investigation, Federal Bureau of Investigation (2020-10-29). Arrests by Race: Arrests by Race | Alabama, Arizona, California, Florida, Georgia, Illinois, Mississippi, New York, North Carolina, Ohio, Texas, Washington DC | Robbery | Aggravated Assault | Burglary - Breaking or Entering | Stolen property - Buying, Receiving, Poss. | Weapons - Carrying, Possessing, etc. | Possession (Subtotal) | Marijuana | Offenses Against Family and Children | Disorderly Conduct | Suspicion | White | Black or African American | Asian/Pacific Islander | Adult, 1980 - 2019. Data Planet? Statistical Datasets: A SAGE Publishing Resource. (Dataset). Dataset-ID:  010-002-002 doi:https://doi.org/10.6068/DP17D6BD353A223",,,,,,,,,,,,,,,,,,,,,,,,,,,,,,,,,,,,,,,,,,,,,,,,,,,,,,,,,,,,,,,,,,,,,,,,,,,,,,,,,,,,,,,,,,,,,,,,,,,,,,,,,,,,,,,,,,,,,,,,,,,,,,,,,,,,,,,,,,,,,,,,,,,,,,,,,,,,,,,,,,,,,,,,,,,,,,,,,,,,,,,,,,,,,,,,,,,,,,,,,,,,,,,,,,,,,,,,,,,,,,,,,,,,,,,,,,,,,,,,,,,,,,,,,,,,,,,,,,,,,,,,,,,,,,,,,,,,,,,,,,,,,,,,,,,,,,,,,,,,,,,,,,,,,,,,,,,,,,,,,,,,,,,,,,,,,,,,,,,,,,,,,,,,,,,
ColumnCount:,353,,,,,,,,,,,,,,,,,,,,,,,,,,,,,,,,,,,,,,,,,,,,,,,,,,,,,,,,,,,,,,,,,,,,,,,,,,,,,,,,,,,,,,,,,,,,,,,,,,,,,,,,,,,,,,,,,,,,,,,,,,,,,,,,,,,,,,,,,,,,,,,,,,,,,,,,,,,,,,,,,,,,,,,,,,,,,,,,,,,,,,,,,,,,,,,,,,,,,,,,,,,,,,,,,,,,,,,,,,,,,,,,,,,,,,,,,,,,,,,,,,,,,,,,,,,,,,,,,,,,,,,,,,,,,,,,,,,,,,,,,,,,,,,,,,,,,,,,,,,,,,,,,,,,,,,,,,,,,,,,,,,,,,,,,,,,,,,,,,,,,,,,,,,,,,,
RowCount:,24,,,,,,,,,,,,,,,,,,,,,,,,,,,,,,,,,,,,,,,,,,,,,,,,,,,,,,,,,,,,,,,,,,,,,,,,,,,,,,,,,,,,,,,,,,,,,,,,,,,,,,,,,,,,,,,,,,,,,,,,,,,,,,,,,,,,,,,,,,,,,,,,,,,,,,,,,,,,,,,,,,,,,,,,,,,,,,,,,,,,,,,,,,,,,,,,,,,,,,,,,,,,,,,,,,,,,,,,,,,,,,,,,,,,,,,,,,,,,,,,,,,,,,,,,,,,,,,,,,,,,,,,,,,,,,,,,,,,,,,,,,,,,,,,,,,,,,,,,,,,,,,,,,,,,,,,,,,,,,,,,,,,,,,,,,,,,,,,,,,,,,,,,,,,,,,
,,,,,,,,,,,,,,,,,,,,,,,,,,,,,,,,,,,,,,,,,,,,,,,,,,,,,,,,,,,,,,,,,,,,,,,,,,,,,,,,,,,,,,,,,,,,,,,,,,,,,,,,,,,,,,,,,,,,,,,,,,,,,,,,,,,,,,,,,,,,,,,,,,,,,,,,,,,,,,,,,,,,,,,,,,,,,,,,,,,,,,,,,,,,,,,,,,,,,,,,,,,,,,,,,,,,,,,,,,,,,,,,,,,,,,,,,,,,,,,,,,,,,,,,,,,,,,,,,,,,,,,,,,,,,,,,,,,,,,,,,,,,,,,,,,,,,,,,,,,,,,,,,,,,,,,,,,,,,,,,,,,,,,,,,,,,,,,,,,,,,,,,,,,,,,,,
Time,Alabama - Robbery - White,Alabama - Robbery - Black or African American,Alabama - Robbery - Asian/Pacific Islander,Alabama - Aggravated Assault - White,Alabama - Aggravated Assault - Black or African American,Alabama - Aggravated Assault - Asian/Pacific Islander,Alabama - Burglary - Breaking or Entering - White,Alabama - Burglary - Breaking or Entering - Black or African American,Alabama - Burglary - Breaking or Entering - Asian/Pacific Islander,Alabama - Stolen property - Buying - Receiving - Poss. - White,Alabama - Stolen property - Buying - Receiving - Poss. - Black or African American,Alabama - Stolen property - Buying - Receiving - Poss. - Asian/Pacific Islander,Alabama - Weapons - Carrying - Possessing - etc. - White,Alabama - Weapons - Carrying - Possessing - etc. - Black or African American,Alabama - Weapons - Carrying - Possessing - etc. - Asian/Pacific Islander,Alabama - Possession (Subtotal) - White,Alabama - Possession (Subtotal) - Black or African American,Alabama - Possession (Subtotal) - Asian/Pacific Islander,Alabama - Marijuana - White,Alabama - Marijuana - Black or African American,Alabama - Marijuana - Asian/Pacific Islander,Alabama - Offenses Against Family and Children - White,Alabama - Offenses Against Family and Children - Black or African American,Alabama - Offenses Against Family and Children - Asian/Pacific Islander,Alabama - Disorderly Conduct - White,Alabama - Disorderly Conduct - Black or African American,Alabama - Disorderly Conduct - Asian/Pacific Islander,Alabama - Suspicion - White,Alabama - Suspicion - Black or African American,Arizona - Robbery - White,Arizona - Robbery - Black or African American,Arizona - Robbery - Asian/Pacific Islander,Arizona - Aggravated Assault - White,Arizona - Aggravated Assault - Black or African American,Arizona - Aggravated Assault - Asian/Pacific Islander,Arizona - Burglary - Breaking or Entering - White,Arizona - Burglary - Breaking or Entering - Black or African American,Arizona - Burglary - Breaking or Entering - Asian/Pacific Islander,Arizona - Stolen property - Buying - Receiving - Poss. - White,Arizona - Stolen property - Buying - Receiving - Poss. - Black or African American,Arizona - Stolen property - Buying - Receiving - Poss. - Asian/Pacific Islander,Arizona - Weapons - Carrying - Possessing - etc. - White,Arizona - Weapons - Carrying - Possessing - etc. - Black or African American,Arizona - Weapons - Carrying - Possessing - etc. - Asian/Pacific Islander,Arizona - Possession (Subtotal) - White,Arizona - Possession (Subtotal) - Black or African American,Arizona - Possession (Subtotal) - Asian/Pacific Islander,Arizona - Marijuana - White,Arizona - Marijuana - Black or African American,Arizona - Marijuana - Asian/Pacific Islander,Arizona - Offenses Against Family and Children - White,Arizona - Offenses Against Family and Children - Black or African American,Arizona - Offenses Against Family and Children - Asian/Pacific Islander,Arizona - Disorderly Conduct - White,Arizona - Disorderly Conduct - Black or African American,Arizona - Disorderly Conduct - Asian/Pacific Islander,Arizona - Suspicion - White,Arizona - Suspicion - Black or African American,Arizona - Suspicion - Asian/Pacific Islander,California - Robbery - White,California - Robbery - Black or African American,California - Robbery - Asian/Pacific Islander,California - Aggravated Assault - White,California - Aggravated Assault - Black or African American,California - Aggravated Assault - Asian/Pacific Islander,California - Burglary - Breaking or Entering - White,California - Burglary - Breaking or Entering - Black or African American,California - Burglary - Breaking or Entering - Asian/Pacific Islander,California - Stolen property - Buying - Receiving - Poss. - White,California - Stolen property - Buying - Receiving - Poss. - Black or African American,California - Stolen property - Buying - Receiving - Poss. - Asian/Pacific Islander,California - Weapons - Carrying - Possessing - etc. - White,California - Weapons - Carrying - Possessing - etc. - Black or African American,California - Weapons - Carrying - Possessing - etc. - Asian/Pacific Islander,California - Possession (Subtotal) - White,California - Possession (Subtotal) - Black or African American,California - Possession (Subtotal) - Asian/Pacific Islander,California - Marijuana - White,California - Marijuana - Black or African American,California - Marijuana - Asian/Pacific Islander,California - Offenses Against Family and Children - White,California - Offenses Against Family and Children - Black or African American,California - Offenses Against Family and Children - Asian/Pacific Islander,California - Disorderly Conduct - White,California - Disorderly Conduct - Black or African American,California - Disorderly Conduct - Asian/Pacific Islander,Florida - Robbery - White,Florida - Robbery - Black or African American,Florida - Robbery - Asian/Pacific Islander,Florida - Aggravated Assault - White,Florida - Aggravated Assault - Black or African American,Florida - Aggravated Assault - Asian/Pacific Islander,Florida - Burglary - Breaking or Entering - White,Florida - Burglary - Breaking or Entering - Black or African American,Florida - Burglary - Breaking or Entering - Asian/Pacific Islander,Florida - Stolen property - Buying - Receiving - Poss. - White,Florida - Stolen property - Buying - Receiving - Poss. - Black or African American,Florida - Stolen property - Buying - Receiving - Poss. - Asian/Pacific Islander,Florida - Weapons - Carrying - Possessing - etc. - White,Florida - Weapons - Carrying - Possessing - etc. - Black or African American,Florida - Weapons - Carrying - Possessing - etc. - Asian/Pacific Islander,Florida - Possession (Subtotal) - White,Florida - Possession (Subtotal) - Black or African American,Florida - Possession (Subtotal) - Asian/Pacific Islander,Florida - Marijuana - White,Florida - Marijuana - Black or African American,Florida - Marijuana - Asian/Pacific Islander,Florida - Offenses Against Family and Children - White,Florida - Offenses Against Family and Children - Black or African American,Florida - Offenses Against Family and Children - Asian/Pacific Islander,Florida - Disorderly Conduct - White,Florida - Disorderly Conduct - Black or African American,Florida - Disorderly Conduct - Asian/Pacific Islander,Florida - Suspicion - White,Florida - Suspicion - Black or African American,Florida - Suspicion - Asian/Pacific Islander,Georgia - Robbery - White,Georgia - Robbery - Black or African American,Georgia - Robbery - Asian/Pacific Islander,Georgia - Aggravated Assault - White,Georgia - Aggravated Assault - Black or African American,Georgia - Aggravated Assault - Asian/Pacific Islander,Georgia - Burglary - Breaking or Entering - White,Georgia - Burglary - Breaking or Entering - Black or African American,Georgia - Burglary - Breaking or Entering - Asian/Pacific Islander,Georgia - Stolen property - Buying - Receiving - Poss. - White,Georgia - Stolen property - Buying - Receiving - Poss. - Black or African American,Georgia - Stolen property - Buying - Receiving - Poss. - Asian/Pacific Islander,Georgia - Weapons - Carrying - Possessing - etc. - White,Georgia - Weapons - Carrying - Possessing - etc. - Black or African American,Georgia - Weapons - Carrying - Possessing - etc. - Asian/Pacific Islander,Georgia - Possession (Subtotal) - White,Georgia - Possession (Subtotal) - Black or African American,Georgia - Possession (Subtotal) - Asian/Pacific Islander,Georgia - Marijuana - White,Georgia - Marijuana - Black or African American,Georgia - Marijuana - Asian/Pacific Islander,Georgia - Offenses Against Family and Children - White,Georgia - Offenses Against Family and Children - Black or African American,Georgia - Offenses Against Family and Children - Asian/Pacific Islander,Georgia - Disorderly Conduct - White,Georgia - Disorderly Conduct - Black or African American,Georgia - Disorderly Conduct - Asian/Pacific Islander,Georgia - Suspicion - White,Georgia - Suspicion - Black or African American,Georgia - Suspicion - Asian/Pacific Islander,Illinois - Robbery - White,Illinois - Robbery - Black or African American,Illinois - Robbery - Asian/Pacific Islander,Illinois - Aggravated Assault - White,Illinois - Aggravated Assault - Black or African American,Illinois - Aggravated Assault - Asian/Pacific Islander,Illinois - Burglary - Breaking or Entering - White,Illinois - Burglary - Breaking or Entering - Black or African American,Illinois - Burglary - Breaking or Entering - Asian/Pacific Islander,Illinois - Stolen property - Buying - Receiving - Poss. - White,Illinois - Stolen property - Buying - Receiving - Poss. - Black or African American,Illinois - Stolen property - Buying - Receiving - Poss. - Asian/Pacific Islander,Illinois - Weapons - Carrying - Possessing - etc. - White,Illinois - Weapons - Carrying - Possessing - etc. - Black or African American,Illinois - Weapons - Carrying - Possessing - etc. - Asian/Pacific Islander,Illinois - Possession (Subtotal) - White,Illinois - Possession (Subtotal) - Black or African American,Illinois - Possession (Subtotal) - Asian/Pacific Islander,Illinois - Marijuana - White,Illinois - Marijuana - Black or African American,Illinois - Marijuana - Asian/Pacific Islander,Illinois - Offenses Against Family and Children - White,Illinois - Offenses Against Family and Children - Black or African American,Illinois - Offenses Against Family and Children - Asian/Pacific Islander,Illinois - Disorderly Conduct - White,Illinois - Disorderly Conduct - Black or African American,Illinois - Disorderly Conduct - Asian/Pacific Islander,Illinois - Suspicion - White,Illinois - Suspicion - Black or African American,Illinois - Suspicion - Asian/Pacific Islander,Mississippi - Robbery - White,Mississippi - Robbery - Black or African American,Mississippi - Robbery - Asian/Pacific Islander,Mississippi - Aggravated Assault - White,Mississippi - Aggravated Assault - Black or African American,Mississippi - Aggravated Assault - Asian/Pacific Islander,Mississippi - Burglary - Breaking or Entering - White,Mississippi - Burglary - Breaking or Entering - Black or African American,Mississippi - Burglary - Breaking or Entering - Asian/Pacific Islander,Mississippi - Stolen property - Buying - Receiving - Poss. - White,Mississippi - Stolen property - Buying - Receiving - Poss. - Black or African American,Mississippi - Stolen property - Buying - Receiving - Poss. - Asian/Pacific Islander,Mississippi - Weapons - Carrying - Possessing - etc. - White,Mississippi - Weapons - Carrying - Possessing - etc. - Black or African American,Mississippi - Weapons - Carrying - Possessing - etc. - Asian/Pacific Islander,Mississippi - Possession (Subtotal) - White,Mississippi - Possession (Subtotal) - Black or African American,Mississippi - Possession (Subtotal) - Asian/Pacific Islander,Mississippi - Marijuana - White,Mississippi - Marijuana - Black or African American,Mississippi - Marijuana - Asian/Pacific Islander,Mississippi - Offenses Against Family and Children - White,Mississippi - Offenses Against Family and Children - Black or African American,Mississippi - Offenses Against Family and Children - Asian/Pacific Islander,Mississippi - Disorderly Conduct - White,Mississippi - Disorderly Conduct - Black or African American,Mississippi - Disorderly Conduct - Asian/Pacific Islander,Mississippi - Suspicion - White,Mississippi - Suspicion - Black or African American,Mississippi - Suspicion - Asian/Pacific Islander,New York - Robbery - White,New York - Robbery - Black or African American,New York - Robbery - Asian/Pacific Islander,New York - Aggravated Assault - White,New York - Aggravated Assault - Black or African American,New York - Aggravated Assault - Asian/Pacific Islander,New York - Burglary - Breaking or Entering - White,New York - Burglary - Breaking or Entering - Black or African American,New York - Burglary - Breaking or Entering - Asian/Pacific Islander,New York - Stolen property - Buying - Receiving - Poss. - White,New York - Stolen property - Buying - Receiving - Poss. - Black or African American,New York - Stolen property - Buying - Receiving - Poss. - Asian/Pacific Islander,New York - Weapons - Carrying - Possessing - etc. - White,New York - Weapons - Carrying - Possessing - etc. - Black or African American,New York - Weapons - Carrying - Possessing - etc. - Asian/Pacific Islander,New York - Possession (Subtotal) - White,New York - Possession (Subtotal) - Black or African American,New York - Possession (Subtotal) - Asian/Pacific Islander,New York - Marijuana - White,New York - Marijuana - Black or African American,New York - Marijuana - Asian/Pacific Islander,New York - Offenses Against Family and Children - White,New York - Offenses Against Family and Children - Black or African American,New York - Offenses Against Family and Children - Asian/Pacific Islander,New York - Disorderly Conduct - White,New York - Disorderly Conduct - Black or African American,New York - Disorderly Conduct - Asian/Pacific Islander,New York - Suspicion - White,New York - Suspicion - Black or African American,New York - Suspicion - Asian/Pacific Islander,North Carolina - Robbery - White,North Carolina - Robbery - Black or African American,North Carolina - Robbery - Asian/Pacific Islander,North Carolina - Aggravated Assault - White,North Carolina - Aggravated Assault - Black or African American,North Carolina - Aggravated Assault - Asian/Pacific Islander,North Carolina - Burglary - Breaking or Entering - White,North Carolina - Burglary - Breaking or Entering - Black or African American,North Carolina - Burglary - Breaking or Entering - Asian/Pacific Islander,North Carolina - Stolen property - Buying - Receiving - Poss. - White,North Carolina - Stolen property - Buying - Receiving - Poss. - Black or African American,North Carolina - Stolen property - Buying - Receiving - Poss. - Asian/Pacific Islander,North Carolina - Weapons - Carrying - Possessing - etc. - White,North Carolina - Weapons - Carrying - Possessing - etc. - Black or African American,North Carolina - Weapons - Carrying - Possessing - etc. - Asian/Pacific Islander,North Carolina - Possession (Subtotal) - White,North Carolina - Possession (Subtotal) - Black or African American,North Carolina - Possession (Subtotal) - Asian/Pacific Islander,North Carolina - Marijuana - White,North Carolina - Marijuana - Black or African American,North Carolina - Marijuana - Asian/Pacific Islander,North Carolina - Offenses Against Family and Children - White,North Carolina - Offenses Against Family and Children - Black or African American,North Carolina - Offenses Against Family and Children - Asian/Pacific Islander,North Carolina - Disorderly Conduct - White,North Carolina - Disorderly Conduct - Black or African American,North Carolina - Disorderly Conduct - Asian/Pacific Islander,Ohio - Robbery - White,Ohio - Robbery - Black or African American,Ohio - Robbery - Asian/Pacific Islander,Ohio - Aggravated Assault - White,Ohio - Aggravated Assault - Black or African American,Ohio - Aggravated Assault - Asian/Pacific Islander,Ohio - Burglary - Breaking or Entering - White,Ohio - Burglary - Breaking or Entering - Black or African American,Ohio - Burglary - Breaking or Entering - Asian/Pacific Islander,Ohio - Stolen property - Buying - Receiving - Poss. - White,Ohio - Stolen property - Buying - Receiving - Poss. - Black or African American,Ohio - Stolen property - Buying - Receiving - Poss. - Asian/Pacific Islander,Ohio - Weapons - Carrying - Possessing - etc. - White,Ohio - Weapons - Carrying - Possessing - etc. - Black or African American,Ohio - Weapons - Carrying - Possessing - etc. - Asian/Pacific Islander,Ohio - Possession (Subtotal) - White,Ohio - Possession (Subtotal) - Black or African American,Ohio - Possession (Subtotal) - Asian/Pacific Islander,Ohio - Marijuana - White,Ohio - Marijuana - Black or African American,Ohio - Marijuana - Asian/Pacific Islander,Ohio - Offenses Against Family and Children - White,Ohio - Offenses Against Family and Children - Black or African American,Ohio - Offenses Against Family and Children - Asian/Pacific Islander,Ohio - Disorderly Conduct - White,Ohio - Disorderly Conduct - Black or African American,Ohio - Disorderly Conduct - Asian/Pacific Islander,Ohio - Suspicion - White,Ohio - Suspicion - Black or African American,Ohio - Suspicion - Asian/Pacific Islander,Texas - Robbery - White,Texas - Robbery - Black or African American,Texas - Robbery - Asian/Pacific Islander,Texas - Aggravated Assault - White,Texas - Aggravated Assault - Black or African American,Texas - Aggravated Assault - Asian/Pacific Islander,Texas - Burglary - Breaking or Entering - White,Texas - Burglary - Breaking or Entering - Black or African American,Texas - Burglary - Breaking or Entering - Asian/Pacific Islander,Texas - Stolen property - Buying - Receiving - Poss. - White,Texas - Stolen property - Buying - Receiving - Poss. - Black or African American,Texas - Stolen property - Buying - Receiving - Poss. - Asian/Pacific Islander,Texas - Weapons - Carrying - Possessing - etc. - White,Texas - Weapons - Carrying - Possessing - etc. - Black or African American,Texas - Weapons - Carrying - Possessing - etc. - Asian/Pacific Islander,Texas - Possession (Subtotal) - White,Texas - Possession (Subtotal) - Black or African American,Texas - Possession (Subtotal) - Asian/Pacific Islander,Texas - Marijuana - White,Texas - Marijuana - Black or African American,Texas - Marijuana - Asian/Pacific Islander,Texas - Offenses Against Family and Children - White,Texas - Offenses Against Family and Children - Black or African American,Texas - Offenses Against Family and Children - Asian/Pacific Islander,Texas - Disorderly Conduct - White,Texas - Disorderly Conduct - Black or African American,Texas - Disorderly Conduct - Asian/Pacific Islander,Texas - Suspicion - White,Texas - Suspicion - Black or African American,Texas - Suspicion - Asian/Pacific Islander,Washington DC - Robbery - White,Washington DC - Robbery - Black or African American,Washington DC - Robbery - Asian/Pacific Islander,Washington DC - Aggravated Assault - White,Washington DC - Aggravated Assault - Black or African American,Washington DC - Aggravated Assault - Asian/Pacific Islander,Washington DC - Burglary - Breaking or Entering - White,Washington DC - Burglary - Breaking or Entering - Black or African American,Washington DC - Burglary - Breaking or Entering - Asian/Pacific Islander,Washington DC - Stolen property - Buying - Receiving - Poss. - White,Washington DC - Stolen property - Buying - Receiving - Poss. - Black or African American,Washington DC - Stolen property - Buying - Receiving - Poss. - Asian/Pacific Islander,Washington DC - Weapons - Carrying - Possessing - etc. - White,Washington DC - Weapons - Carrying - Possessing - etc. - Black or African American,Washington DC - Weapons - Carrying - Possessing - etc. - Asian/Pacific Islander,Washington DC - Possession (Subtotal) - White,Washington DC - Possession (Subtotal) - Black or African American,Washington DC - Possession (Subtotal) - Asian/Pacific Islander,Washington DC - Marijuana - White,Washington DC - Marijuana - Black or African American,Washington DC - Marijuana - Asian/Pacific Islander,Washington DC - Offenses Against Family and Children - White,Washington DC - Offenses Against Family and Children - Black or African American,Washington DC - Disorderly Conduct - White,Washington DC - Disorderly Conduct - Black or African American,Washington DC - Disorderly Conduct - Asian/Pacific Islander,Washington DC - Suspicion - White,Washington DC - Suspicion - Black or African American,Washington DC - Suspicion - Asian/Pacific Islander
1980,405,949,,2548,2149,6,2363,2169,3,1242,1057,1,1766,2465,2,4728,2291,5,4018,1885,5,1222,1628,,6603,4610,19,247,136,798,304,2,2675,367,3,2523,403,7,532,91,3,974,195,4,3530,335,6,3086,293,5,180,8,2,6759,685,23,,,,10559,8554,79,28244,10989,382,33672,13015,274,12416,4789,120,15039,5088,171,50503,16433,441,26330,6003,254,1216,239,6,10428,2401,106,2779,2911,6,9901,6870,24,11598,6661,14,1972,1154,3,4103,2374,16,17511,4352,26,13664,3328,22,845,634,6,8567,2972,21,,,,878,1576,1,3889,4904,4,4858,3945,3,1415,984,1,1270,1529,1,3656,3792,5,3356,3623,5,2282,2767,2,6059,7675,4,,,,1549,3891,2,4301,1834,8,6058,4233,2,579,467,,5322,7400,5,7519,1169,7,5668,853,7,1413,1276,4,58316,82583,15,335,291,1,127,338,,395,873,1,833,1170,,137,189,,696,1119,7,1242,671,2,1028,625,2,227,111,2,2269,2527,8,46,49,,5574,8294,57,11033,8131,139,14413,7994,67,7571,4651,49,4528,3493,52,15735,10212,82,10662,6762,67,1689,354,6,32225,11736,155,,,,665,1159,,6696,6661,27,6247,4465,18,1299,1023,6,2180,1331,14,8682,3106,33,7187,2612,29,4844,4155,7,8366,3984,32,1774,2068,2,3258,1966,5,5806,2913,8,2611,1971,1,3479,2022,6,7289,1710,4,5821,987,2,2660,636,2,21063,3804,14,630,918,1,2543,2232,5,6526,2792,13,10766,4507,18,618,214,,8424,3601,14,26801,6905,31,19624,4794,18,1128,203,,21581,5870,33,2320,1254,14,51,1237,,128,1269,,91,1230,,19,295,,148,866,,260,2695,,70,794,,,28,1099,5237,,261,3122,
1985,284,543,4,1475,1640,1,1711,1580,2,805,819,1,809,1193,1,3467,1933,13,3077,1602,13,709,507,1,4722,4010,13,,,571,227,2,3677,539,18,3026,497,12,504,70,5,1167,203,4,5485,615,9,4481,452,8,400,21,7,8763,859,28,,,,9344,9516,108,26289,10997,482,37565,14401,305,14570,5113,126,17062,4535,200,99822,27262,562,23657,5950,141,1134,181,9,7951,2148,100,2521,5003,2,11044,10105,32,11503,7892,14,2110,1388,7,5183,3725,41,19497,10633,73,14035,5990,41,1176,1063,1,12626,6841,26,,,,605,1791,1,3069,5599,6,3273,3465,1,990,1465,2,,,,4165,4298,5,3569,3513,4,2221,3289,,,,,,,,932,2560,11,3276,2097,14,4306,3310,19,631,752,3,3615,4954,29,6248,1469,5,4714,1145,5,1081,643,5,26816,34616,221,89,142,5,82,364,,634,1377,8,670,1458,6,140,454,,617,1145,4,1000,690,6,860,628,4,164,134,1,1889,2545,9,23,38,,5798,10860,38,12527,11592,148,9377,6170,36,7070,5045,45,6112,4784,63,29155,26214,79,15330,15875,28,1800,419,5,48046,47400,285,,,,491,1000,4,5619,5922,16,4824,4100,13,1320,1204,6,2296,1470,20,8129,3932,16,6466,2894,15,3503,4316,3,7352,4674,14,1074,1607,2,2314,1863,3,4026,2303,9,2219,1738,4,2573,1509,9,7081,3599,3,5595,2774,2,3555,861,4,16482,6262,18,201,62,,2929,2610,10,9239,3675,28,14873,5510,30,850,291,10,14531,4491,57,34885,10807,55,24279,6899,32,1751,258,2,28290,7205,57,1086,454,6,41,953,10,137,1626,55,118,1295,28,7,246,2,126,755,20,417,4878,18,113,1371,8,,6,1758,5957,207,375,3763,35
1990,202,645,,1516,1926,3,936,1267,4,580,856,5,562,878,2,2770,3456,2,2069,1016,2,367,228,4,2697,4274,10,,,705,475,3,4894,809,27,3570,654,13,953,143,3,1700,406,6,8430,1286,22,4678,455,11,1553,153,12,13482,1451,60,,,,12790,11148,136,69310,23020,843,41217,13771,443,17157,5427,141,19126,6106,254,126720,41208,560,14951,3285,67,608,97,3,8104,2006,86,3225,6626,5,16747,14532,60,12601,9878,18,2883,2243,7,4440,4300,16,22031,21262,35,12287,5031,25,4,,,,,,,,,285,1652,5,1743,4446,15,1545,2523,12,747,1909,3,753,2108,7,2834,7362,11,2077,1896,4,730,835,1,5120,9588,41,,,,424,906,1,3811,2962,10,3072,1470,2,607,641,4,2384,1614,10,6170,3225,4,4387,1112,2,979,147,3,12355,4832,32,43,121,,64,389,1,342,1201,1,547,1404,2,62,219,,530,1410,1,1007,1212,2,722,684,2,190,175,,1681,3806,1,4,5,,8222,15184,175,15306,14562,253,10184,7793,39,8558,6348,88,6367,5807,154,34279,31720,159,13545,7638,17,2734,579,14,32406,28181,100,,,,483,1876,2,7696,10324,33,5891,6008,8,1737,2257,21,3050,3769,66,7826,9817,49,5299,3101,20,2584,3721,12,8301,8678,55,1136,2499,3,3326,3665,13,3534,2155,7,2599,2873,11,2888,2463,9,5778,8505,9,3746,1834,3,6275,2485,11,16423,8941,32,178,91,1,3041,3746,18,12702,6553,41,14164,6313,35,1265,461,12,11015,5598,41,30263,17839,50,16189,3246,20,3894,776,7,17721,8177,57,2336,3444,15,46,1178,,218,1793,6,75,886,,35,490,2,159,974,2,374,4734,3,96,810,1,,14,2321,8047,23,426,4917,8
1995,366,1518,1,2682,4552,18,1325,1474,3,763,1093,3,582,1437,4,4664,4935,3,3765,2534,1,681,466,1,1898,2484,8,1,,723,328,3,4924,658,43,3026,448,22,2697,267,14,3405,499,14,13167,1313,58,7944,626,41,1728,99,13,15967,1570,104,,,,10871,6674,178,82670,21582,1521,32630,9687,534,17054,3679,251,21573,4944,370,151568,32235,1370,20509,3825,224,526,87,7,6006,1289,111,2831,4050,7,21138,16464,74,9684,5941,27,2356,1632,20,3323,2729,27,31903,22535,70,19090,7346,42,1047,631,2,12759,5081,46,,,,525,2605,17,3563,9947,62,2481,4098,16,1253,3789,27,1556,3921,24,9893,14101,52,7003,5960,29,2245,2598,22,9772,16602,139,134,161,,485,1688,5,1657,3681,36,1076,2113,11,124,214,3,1385,3617,22,,,,,,,135,317,,12700,28432,191,,,,57,425,1,280,1020,1,599,1105,1,105,334,,160,596,1,2129,3117,6,1506,1566,5,699,544,5,1877,3566,9,26,21,,6626,11133,361,14935,14370,806,8166,6214,118,6312,4429,169,5479,5445,263,50025,43981,359,23205,15283,114,2589,400,29,30585,21368,116,,,,665,2482,19,7856,10403,58,5925,5887,30,1885,3299,22,3004,3946,65,9475,12357,75,6618,4374,36,2655,4334,15,5786,6089,42,933,2125,4,5447,5678,97,2928,2141,16,2131,2304,8,2041,2323,21,8749,12206,20,5273,3800,5,14545,5431,71,12445,6158,87,86,38,,2623,2505,25,14526,6152,100,9240,2966,59,642,205,5,9785,4344,50,42079,18943,83,27499,7889,44,5808,1103,17,16190,6934,64,17,4,,65,730,1,294,2293,10,52,860,,49,356,,137,1151,1,419,4302,5,173,1310,4,,20,1600,5268,24,250,3036,1
2000,205,760,1,1482,2220,6,945,952,6,618,682,,350,691,3,5264,5351,19,3798,3499,11,801,426,2,997,1230,3,1,,884,244,9,4568,562,26,2323,296,13,1152,109,9,1995,365,5,17479,2345,71,9529,990,50,1784,71,8,11325,1252,55,,,,7563,4423,122,75438,19443,1623,23549,6809,564,9397,2107,211,11838,2895,226,148708,35951,1952,28107,7108,260,502,95,6,5159,1016,73,,,,,,,,,,,,,,,,,,,,,,,,,,,,,,,394,1742,9,2581,7133,35,1797,2782,9,873,2981,13,917,2634,9,10351,15305,54,7402,8045,37,1729,1857,23,7186,11153,82,251,288,10,498,1397,6,1326,2989,19,1008,1741,16,,,,1061,2867,19,,,,,,,204,444,10,10235,20644,133,,,,101,452,1,453,1056,8,629,1078,,158,449,3,175,515,4,3676,5710,25,2197,3424,12,1414,1325,23,2561,4741,29,21,26,,4356,6733,265,12413,12057,879,5417,3502,113,3865,2651,116,4524,4960,275,65217,64318,854,41668,35592,598,2625,373,14,29093,22043,125,,,,791,2326,9,7293,9148,47,5598,5004,33,2098,3733,24,2013,2951,26,13633,14654,103,9948,7240,55,2998,3748,21,7634,6889,74,918,1400,5,3439,3360,102,2752,1509,12,1895,1890,10,1470,1550,23,12288,13320,35,7974,6818,16,11477,3237,55,11853,6438,56,161,34,,2720,1977,16,13266,5103,105,8011,2515,35,370,122,1,6313,2515,32,54986,25693,159,32913,10679,80,3870,694,22,14155,5318,86,26,2,,,,,,,,,,,,,,,,,,,,,,,,,,,,,,
2001,303,914,3,1383,1991,4,1190,1005,6,786,895,3,393,809,5,5485,5582,27,3498,3625,20,891,517,,1211,1457,8,,,951,296,3,4713,540,28,2586,261,4,1332,115,4,2122,307,8,16983,2276,84,9411,1040,63,2140,130,18,11091,1092,70,,,,7837,4402,135,78279,19374,1700,25597,7349,573,10497,2095,240,13299,3121,242,148195,35179,2159,26950,7199,303,529,83,7,4858,890,96,,,,,,,,,,,,,,,,,,,,,,,,,,,,,,,473,1765,2,2536,6515,40,1586,2704,7,996,2686,3,954,2797,7,10170,15006,46,6717,7970,27,1846,2006,24,7122,11461,76,137,319,10,567,1467,12,1413,2931,19,921,1507,12,,,,1107,2899,21,,,,,,,181,341,5,5437,8515,76,,,,75,374,3,345,924,11,615,909,3,153,286,3,183,469,2,3905,4279,28,2228,2602,16,1289,1332,15,2508,4127,35,52,33,,4231,5949,206,12273,11625,806,5203,3335,106,3857,2822,135,4737,5395,216,55654,53851,784,36079,31068,547,2774,325,18,33880,27753,148,5,,,967,3034,8,8002,9442,67,6683,5990,40,2190,3671,22,2693,3319,31,13794,14689,92,8605,6627,50,3475,4856,29,7744,6766,46,925,1142,8,3627,3212,129,2801,1309,10,2035,1668,16,1508,1348,15,11326,6335,47,7494,2562,23,11602,2959,44,10491,2736,46,117,27,,3154,2173,16,13424,4953,90,8800,2692,30,393,142,5,6085,2401,27,54554,24054,174,32105,9904,77,3695,635,15,13460,5303,86,16,1,,1,14,,4,28,1,,1,,,10,,2,16,,8,43,1,6,25,1,,,26,68,2,,,
2002,324,1152,,1661,2366,11,1169,1192,2,980,991,2,461,770,4,6006,6110,22,3679,3942,17,813,572,1,1191,1502,12,,,916,306,2,4948,582,36,2952,280,19,1341,123,6,2284,250,14,17482,2235,78,9105,984,52,2179,107,16,11158,1212,78,,,,7674,4597,144,76680,18776,1594,26517,7202,575,12188,2131,284,14306,3467,273,154910,35199,2268,26825,6602,294,524,96,5,4507,864,66,,,,,,,,,,,,,,,,,,,,,,,,,,,,,,,452,1773,4,2867,6674,41,2078,2796,13,1148,2925,11,1088,2620,19,10803,14310,72,6474,7189,40,2393,2451,18,8054,10190,98,181,205,8,477,1331,5,1207,2780,39,848,1309,13,,,,989,2723,20,,,,,,,130,283,6,6206,9602,88,,,,114,506,,413,1021,8,776,1106,3,189,457,2,204,559,1,4347,5573,34,2083,3099,12,1546,2281,26,2630,4211,42,22,30,,2375,3186,63,8320,6357,320,4897,2165,49,3646,2376,71,3049,2902,85,41135,30050,439,28002,17150,328,2932,349,11,21386,13855,115,,,,1032,2744,8,7740,8406,57,6926,5538,31,2308,3561,22,2661,3091,18,15782,14628,118,9988,6985,82,3822,4731,22,7227,6005,47,850,907,4,3195,2947,140,2921,1227,19,2196,1543,11,1334,1396,22,10492,5855,46,6735,2348,16,10981,2999,34,10569,2675,51,100,27,,3161,2270,12,13778,4873,115,9226,2939,51,490,181,3,6720,2568,50,53842,24145,208,29728,9499,103,4420,708,14,12666,5505,108,9,1,,,13,,7,18,,,,,1,7,,,20,1,22,57,,6,34,,,,29,92,,,,
2003,406,959,,1766,2122,9,1405,1078,5,1136,1016,5,469,722,2,7011,6568,27,4065,4284,11,820,677,,1269,1507,7,1,,965,268,6,4732,526,29,3263,280,16,1287,98,5,2363,303,4,19875,2255,85,10378,1148,46,2552,139,15,11041,1167,57,,,,7778,4830,143,76049,18524,1526,28808,7343,500,13308,2117,239,15450,3794,239,170288,37140,2475,28390,6865,349,499,78,9,4226,834,70,,,,,,,,,,,,,,,,,,,,,,,,,,,,,,,523,1706,2,3163,6071,45,2038,2637,15,1140,2615,12,1135,2594,8,11919,15344,82,6873,8095,57,2173,2540,23,7805,12276,110,435,285,6,423,1335,9,1188,2538,15,791,1350,16,,,,858,2662,23,,,,,,,123,264,1,6989,9908,112,,,,98,468,3,390,1041,18,757,1045,8,251,549,2,198,527,3,4802,5823,41,2077,3116,24,1460,2343,12,2528,3909,17,24,56,,1286,1545,18,5389,3201,68,3889,1409,36,3281,2048,32,1947,1386,30,26291,13134,164,18485,6599,116,2378,287,5,9741,3062,61,,,,1156,2698,23,6983,7923,58,6991,5631,32,2362,3733,21,2577,3182,35,16631,16214,188,10105,7839,100,3678,4556,27,6818,6092,56,867,875,5,3138,2671,160,2804,1077,14,2240,1481,18,1366,1364,24,13191,6924,55,8834,3255,32,9467,2330,35,11295,2717,51,60,16,,3173,2250,15,13592,5046,101,9494,3074,62,443,156,5,7358,2671,54,51004,16503,211,30416,8698,117,3852,809,21,12148,6175,118,,,,2,8,,4,27,,,,,2,13,,1,21,,25,63,,3,33,,,,30,113,,,,
2004,359,846,,1496,2107,11,1678,1167,7,1079,965,3,427,656,,7860,7540,29,4521,4789,19,681,453,1,1341,1591,13,2,,879,224,8,4938,571,46,3220,319,24,1166,108,1,2455,330,6,22586,2690,104,11364,1336,50,2526,107,16,11091,1171,57,,,,7988,4833,106,72646,17768,1330,29985,7506,519,15594,2237,228,17161,4136,240,181399,40117,2199,27663,7228,272,413,69,3,4297,848,55,,,,,,,,,,,,,,,,,,,,,,,,,,,,,,,486,1579,,2934,5956,48,1975,2232,11,1215,2353,10,1146,2915,14,11242,17018,73,6180,9678,55,1864,1534,10,7171,14935,74,906,347,14,388,1343,8,1007,2591,28,718,1293,4,,,,884,2636,15,,,,,,,93,230,2,5925,9434,56,,,,99,417,2,428,966,4,778,1065,2,242,599,3,163,546,2,5632,6852,41,2428,3722,22,1571,2499,25,2708,3976,43,67,53,,1261,1557,13,5351,3590,84,3936,1577,28,3304,2007,36,2181,1486,33,28377,15037,209,19538,8015,150,2327,209,12,10303,3297,96,,,,1003,2097,6,6889,7160,64,7000,5377,36,2268,2996,27,2386,2964,24,16524,15150,131,10093,7614,74,4105,4810,21,5572,4175,25,994,1220,1,1878,1565,7,3358,1560,7,2356,1503,10,1315,1192,3,15598,9854,39,9642,4169,30,8573,1980,24,12583,3213,30,70,37,,3507,2410,18,14280,5371,157,9850,3250,53,495,161,4,8225,2924,69,68492,27267,321,37652,12180,164,3786,783,11,12516,6458,127,5,,,,14,,3,28,,,,,1,12,,4,20,,12,44,,9,32,,,,27,98,1,,,
2005,326,837,2,1181,1928,7,1255,1165,4,926,838,4,380,667,2,6149,7074,31,3303,4325,11,571,399,1,1272,1560,10,2,,898,275,1,4328,578,42,2861,310,12,1220,117,3,2367,395,6,23083,2924,123,11289,1436,61,2998,131,22,10701,1182,63,,,,7804,4901,130,71992,17382,1346,30402,7644,537,16251,2287,215,18663,4849,253,197385,40818,2323,28263,7249,252,380,60,15,3796,763,56,,,,,,,,,,,,,,,,,,,,,,,,,,,,,,,466,1788,4,2899,6513,42,2187,2811,8,1427,2558,7,1265,3701,10,12945,19125,70,6559,10645,42,2102,1692,22,7185,15179,132,693,348,2,365,1395,5,1100,2451,15,677,1100,4,,,,816,2496,6,,,,,,,134,206,2,6153,9439,93,,,,111,373,3,385,1044,5,729,1171,7,251,593,5,210,540,3,6672,8426,54,2979,4546,23,1547,2484,19,2731,4247,32,33,56,,1393,1743,17,5590,3791,63,4255,1555,28,3420,1910,27,2239,1609,43,29659,16134,165,19628,9010,127,2267,249,6,10360,3641,82,,,,1039,2589,4,7742,8024,64,7829,5628,34,2502,3314,49,2963,4017,30,17324,15662,107,10151,8083,72,4125,4755,32,6248,6066,61,1125,1287,4,1866,1510,9,3425,1546,19,2469,1549,3,1324,1368,10,16606,10857,52,9485,4241,33,7406,1712,12,12698,3078,34,65,11,,3137,2253,20,14134,5690,143,9805,3486,59,455,132,7,8556,3497,72,70491,29022,352,35594,13133,160,3929,860,23,12152,6385,124,14,3,,2,17,,3,28,,,,,1,9,,2,15,1,10,39,,8,26,,,,15,65,,,,
2006,289,932,1,938,1762,1,1115,1177,7,815,952,2,304,668,2,5430,7442,23,2811,4427,9,456,327,1,1075,1399,7,,,891,257,10,4458,555,30,2884,248,6,1109,94,1,2616,504,12,22785,2859,113,11162,1395,71,2811,102,17,11277,1317,94,,,,8502,5082,123,70719,17395,1257,30593,7584,512,15538,2299,209,18700,5282,258,189615,44076,2193,30924,8348,291,393,108,5,3986,751,54,,,,,,,,,,,,,,,,,,,,,,,,,,,,,,,439,1720,12,3245,6855,56,2203,2595,18,1206,2587,10,1135,3792,14,13115,21043,69,7004,11626,46,1939,1977,23,7628,16105,118,377,281,4,402,1345,6,1009,2293,24,707,1207,11,31,37,,794,2239,6,309,364,4,153,187,1,165,236,6,6918,10936,86,,,,100,460,,382,949,4,793,1039,13,306,555,4,221,769,5,6533,8327,45,2727,4483,19,1787,2584,25,2622,4359,53,74,60,,1458,1859,22,5768,4015,70,4528,1672,31,3250,1641,31,2238,1686,33,33450,18256,220,21806,10045,151,2061,193,11,10300,3710,53,,,,1146,2554,9,7149,7545,54,7940,5724,45,2560,3176,22,2787,4270,26,15777,15012,104,9372,7968,76,4053,4386,14,5769,5735,35,1029,1319,3,2046,1571,10,3500,1698,4,2504,1359,2,1288,1537,7,17214,11755,50,9755,4416,29,6235,1358,25,13679,3298,32,20,6,,3429,2485,16,14228,5971,138,9860,3578,31,510,157,3,8330,4439,74,74422,33856,399,37785,14726,209,4332,1236,30,12727,7282,141,,,,1,20,,4,24,,1,,,,10,,1,18,,11,54,1,9,38,1,,,17,126,3,,,
2007,387,1062,4,1393,2074,5,1492,1307,4,1022,1015,7,363,921,1,6358,8644,23,3423,5316,15,616,418,,1467,1764,7,1,,1064,296,5,4215,556,28,2830,325,13,1017,91,7,2589,497,18,22055,2999,109,11594,1617,63,2858,171,32,11157,1436,85,,,,9119,5339,152,71200,17551,1201,31880,7942,547,14219,2286,193,18702,5151,240,180817,43475,1964,34717,9308,344,345,62,4,3991,754,42,,,,,,,,,,,,,,,,,,,,,,,,,,,,,,,491,2205,5,3278,6267,49,2678,3123,9,1274,2672,13,1164,3392,14,14734,20126,108,8262,11778,68,2259,1905,22,8330,13095,96,120,159,5,392,1193,2,988,2321,13,704,1232,5,20,28,,600,2130,6,342,379,1,168,226,1,165,257,1,7225,11517,94,,,,129,391,,348,772,3,768,868,7,223,412,1,206,487,2,4302,5195,17,2007,3031,11,1376,1156,6,2396,3324,29,33,32,,1283,1668,8,5522,3638,63,4423,1602,18,3174,1515,22,2045,1495,22,33542,17223,262,22326,9696,183,1949,173,8,10159,3459,56,,,,1009,2501,3,6705,6878,64,7582,5339,32,2220,2985,17,2607,4042,31,16329,16148,97,9806,9440,73,3438,4025,18,5999,5959,43,1136,1505,2,1704,1571,7,3518,1855,5,2226,1244,2,1199,1334,3,16923,11030,38,9739,4789,28,5565,1358,17,14819,3828,24,40,16,1,3620,2789,22,14953,6228,139,10290,3849,36,514,187,4,7521,4072,73,78263,35385,427,40450,15443,234,4076,1088,17,12808,6946,106,,,,,37,,2,18,1,,,,2,13,,2,22,,19,40,,16,27,,,,26,108,1,,,
2008,461,1294,2,1491,2182,7,1854,1633,3,1072,1090,4,449,942,3,6284,8875,22,3167,5640,17,657,478,1,1436,1999,12,,,1164,331,8,4530,630,43,3094,388,18,1003,107,1,2562,512,13,21242,2755,96,12295,1678,69,2514,131,19,12110,1436,96,,,,9790,5568,147,69748,17901,1129,31850,8346,552,13168,2412,170,18128,5270,242,162611,40170,1934,38073,9939,410,295,67,4,3610,721,41,,,,,,,,,,,,,,,,,,,,,,,,,,,,,,,528,2346,10,3157,5963,57,2678,3804,16,1154,2648,7,1080,3287,11,12989,20858,99,7899,13243,75,2000,1695,20,9139,14169,156,40,92,2,277,1112,4,975,2119,24,619,1169,8,17,22,,657,2340,19,194,266,2,95,156,1,145,205,5,5609,9135,50,,,,104,454,,299,911,3,823,1164,1,197,499,1,215,731,,4278,6120,16,2319,4087,11,1584,1837,10,2464,4152,15,36,38,,1273,1634,11,5308,3562,62,4431,1730,33,2937,1389,25,1971,1270,18,32877,15343,246,22686,9561,178,2023,219,8,9896,3056,73,,,,977,2905,15,6698,7135,66,7657,6245,34,2085,2968,22,2561,4319,39,14823,15664,117,9653,9791,74,3282,4009,18,6036,6112,41,1000,1540,3,1828,1481,2,3558,1965,5,2180,1177,7,1279,1720,3,16947,11204,37,9581,5093,22,5163,1158,24,15505,4124,36,22,17,,3776,2808,29,14758,6084,148,10539,4146,56,434,174,7,6515,3743,57,74658,36378,494,40047,16687,246,4055,1069,26,13032,7461,151,,,,,20,,,24,,,,,2,14,,2,20,,7,50,,4,41,,,,23,128,,,,
2009,408,1064,4,1732,1988,14,1929,1825,3,1021,980,3,388,980,2,5756,8354,22,2704,5514,15,648,379,2,1414,1850,10,,,1398,356,4,4624,703,36,2769,313,18,955,102,4,2264,485,17,21848,2919,155,13541,1961,105,2452,171,12,12611,1588,114,,,,9769,5388,166,68595,17218,1099,32380,8394,591,12001,2224,156,17576,4935,184,156336,33105,1813,38495,9234,412,227,40,2,3553,780,51,,,,,,,,,,,,,,,,,,,,,,,,,,,,,,,474,2198,9,3222,5515,41,2714,3862,16,1193,2162,10,1012,2749,6,12752,19919,103,7854,13730,83,2101,2064,15,9717,14911,108,196,443,1,286,1262,5,981,2025,24,643,1225,14,22,12,,696,2519,8,205,320,1,92,199,1,129,199,2,4715,6977,53,,,,102,447,,371,849,11,730,1427,6,217,509,2,265,653,2,4588,5817,45,2276,4161,27,1215,2141,5,2957,4705,34,82,129,1,1399,1779,9,5261,3896,69,4614,1596,30,3092,1334,31,2137,1391,36,34766,16571,266,24453,11064,204,1035,160,4,9125,3564,65,,,,922,2675,7,6570,7133,61,7252,6294,60,1977,2684,20,2302,3733,28,13925,14686,109,9265,9764,83,3428,3741,21,5651,5753,44,1041,1544,1,1650,1406,11,3246,1805,14,2002,1026,9,1373,1790,5,16685,10484,51,9681,5482,36,3468,1201,19,14721,4226,46,25,11,,3959,2834,16,14989,5929,131,11182,4308,51,546,181,7,6508,3483,54,78546,35093,535,44620,17614,316,4093,1169,15,12645,7309,132,,,,2,47,,2,22,,,,,,8,,3,25,,8,86,2,7,66,1,,,24,166,,,,
2010,167,421,,1296,1198,4,1131,794,,849,566,1,408,601,1,3524,2598,11,1377,1903,7,629,387,1,1326,1331,2,,,1069,337,5,4278,636,46,2738,305,15,917,105,5,2050,361,16,19521,2414,149,11789,1622,101,2244,117,14,11976,1498,106,,,,8725,4757,161,65997,16407,1372,32155,8130,670,12373,2077,141,17618,4589,209,159347,28207,1990,33685,7598,337,206,36,,3418,764,46,,,,,,,,,,,,,,,,,,,,,,,,,,,,,,,492,1909,8,3599,5743,39,2925,3934,19,1162,2067,9,1031,2428,9,13625,19509,110,8420,14482,85,2384,2081,24,9127,15059,127,51,133,,240,1086,5,1210,1667,20,543,1148,3,13,19,1,643,2362,11,180,243,1,97,161,1,158,208,3,4482,6341,44,,,,70,469,3,399,925,2,850,1417,12,194,488,1,194,601,6,3970,5697,42,1762,4007,16,1280,2367,8,2429,4024,24,99,87,,1337,1497,13,5228,3914,67,4884,1780,52,3008,1269,24,1983,1384,16,38018,17021,309,26858,11655,229,459,103,2,8475,3557,72,,,,828,2336,14,6242,7015,70,6953,6047,51,1757,2360,24,2117,3487,32,12371,13727,144,8026,9029,101,3045,3405,19,5401,5810,51,970,1283,3,2122,1478,7,3814,1819,2,2118,966,8,1181,1603,11,15995,9607,34,8853,5080,23,2925,897,13,13090,3745,36,61,15,,3566,2672,19,14400,5752,124,10758,4009,47,582,174,5,6099,3349,66,76156,31221,663,44390,17371,400,4249,1125,21,11365,6611,132,,,,2,32,,2,38,,,,,1,7,,2,23,,17,159,1,9,127,,,,32,177,4,,,
2011,4,7,,,4,,5,7,,9,9,,7,12,,163,105,1,62,78,1,1,,,12,16,,,,1094,304,7,4412,761,45,2882,345,13,975,139,10,1842,307,11,19286,2432,129,10647,1613,84,2102,121,19,11659,1632,107,,,,8245,4853,137,63170,15762,1175,31546,8987,608,12725,2198,144,17175,4632,223,126252,19008,1616,3601,623,29,196,37,2,3584,686,44,,,,,,,,,,,,,,,,,,,,,,,,,,,,,,,518,1759,7,3940,5791,59,3303,4114,17,1331,1949,12,1064,2135,10,13925,18406,134,8174,13729,108,2514,2009,21,9284,14377,101,38,40,,279,1073,6,815,1786,15,512,1157,3,22,44,,646,2364,15,165,222,4,86,143,1,139,193,4,3526,4840,38,,,,120,455,3,426,931,4,799,1325,3,259,463,2,201,631,1,3974,5768,59,1837,3885,26,1125,3072,14,2248,3852,30,107,74,2,1297,1596,24,4951,3639,73,4965,1856,65,3097,1275,29,1949,1318,18,39052,16353,327,27789,11412,265,485,72,5,7735,3559,64,,,,889,2307,11,6473,6804,54,7702,6362,45,1812,2374,18,2376,3383,40,16215,15166,171,10822,10196,124,3573,3725,27,5992,6151,60,1018,1344,5,2302,1504,3,3831,1848,10,2210,961,7,1241,1605,10,15213,9230,47,7517,4753,25,2559,788,9,12509,3226,34,36,17,,3192,2440,28,14100,5740,135,10135,4101,48,605,137,7,5996,2943,65,73128,30700,713,40669,17387,464,4222,1129,19,10457,5882,131,,,,,41,,4,25,,,,,1,6,,4,38,,18,159,1,11,126,1,,,21,99,1,,,
2012,5,6,,3,3,,9,5,,8,8,,5,10,,146,128,1,61,97,1,,,,4,5,1,,,1167,345,6,4609,905,54,2878,398,16,1057,130,10,1762,353,10,18104,2235,143,9617,1483,94,2012,134,22,10824,1471,86,,,,8306,4757,278,60675,15906,2557,32292,9735,1328,14647,2567,481,16198,4358,595,134960,19155,3772,3961,762,123,221,41,9,2778,648,97,,,,,,,,,,,,,,,,,,,,,,,,,,,,,,,410,2038,5,3738,6008,37,3304,3545,17,1240,1845,6,1094,2022,7,14501,19798,124,8226,15743,92,2392,2161,23,9136,14451,92,43,116,1,232,1064,,762,1685,26,399,1088,4,29,47,,595,2482,12,189,216,4,126,160,3,138,170,,3277,4853,50,,,,84,382,1,398,942,2,705,1167,2,194,544,2,199,696,3,3941,6323,36,1957,4479,23,1039,2582,7,2015,4157,22,138,100,,1249,1553,13,4873,3761,76,5164,1881,32,3377,1301,24,2057,1362,25,39352,16977,376,26204,12031,289,351,66,,7305,3291,62,,,,891,2424,10,6456,6903,57,7515,5913,45,1839,2295,19,2253,3291,25,15145,15574,157,9478,10297,113,3591,3888,22,5452,5661,50,992,1149,,2317,1486,7,3858,1623,14,2385,895,3,1296,1592,4,16056,8926,51,7901,4821,34,2174,610,12,12219,2955,30,54,16,,3086,2327,17,13727,5820,161,9859,3836,53,572,167,8,6331,3129,67,77001,31235,766,41604,17958,455,4299,1080,39,10239,5652,103,,,,1,42,,2,30,,,,,,9,,,18,,8,120,,6,87,,,,7,44,,,,
2013,1,8,,4,3,,3,6,,16,11,,2,23,,157,145,,72,104,,,1,,8,5,,,,1124,356,9,4959,1050,45,2906,333,19,1022,122,6,2045,329,19,20124,2563,160,11232,1741,117,1897,125,7,10803,1596,103,,,,7889,4639,249,59004,15384,2669,31787,9598,1272,14713,2557,460,16347,4509,523,150837,20516,4339,4243,616,132,211,45,4,2399,632,90,,,,,,,,,,,,,,,,,,,,,,,,,,,,,,,434,1764,6,3230,5051,48,2812,3026,13,1274,1815,8,1039,1887,6,15654,18991,141,8893,15286,105,2174,1977,12,8153,12882,84,28,52,,304,1112,3,644,1573,19,406,885,,14,44,,551,2105,9,168,217,,93,150,,141,159,1,3207,5633,38,,,,51,285,,350,776,6,554,776,3,10160,369,2,186,553,1,73780,25318,49,31618,13491,22,20796,12126,8,1762,23097,18,10083,59,,1181,1634,12,4402,3495,56,4756,1843,33,2943,1183,30,1810,1257,18,39890,17209,375,26710,12443,281,289,67,2,6026,2858,53,,,,877,2459,9,5618,6000,52,7047,5386,32,1598,2058,25,2131,3141,33,14058,14073,168,8280,9085,125,3570,3777,22,4125,4529,35,820,1120,2,2292,1542,16,3312,1425,2,2214,856,8,1311,1574,4,17427,9542,52,8945,5567,33,1633,510,7,11090,3024,46,43,17,,3044,2437,29,13469,5718,147,9270,3400,48,594,161,4,6422,3043,67,78288,30878,823,40397,18001,507,4085,1072,25,8617,4834,97,,,,4,46,,,24,,,,,1,4,,1,40,,19,267,3,7,161,2,,,2,36,,,,
2014,36,99,,309,355,2,305,228,,181,127,,90,137,1,164,203,,72,151,,90,52,,187,244,4,,,935,361,8,4801,1032,48,2681,364,19,959,108,7,1790,368,18,19800,2589,130,10846,1770,92,1888,141,16,10300,1625,102,,,,7583,4190,248,62956,16265,2875,30843,9366,1267,13023,2430,414,15615,4477,593,162729,22246,4859,4537,647,124,251,47,9,2518,693,124,,,,,,,,,,,,,,,,,,,,,,,,,,,,,,,453,1684,4,3083,4856,22,2638,2822,18,1161,1708,7,1233,1931,7,16335,19273,164,8922,15229,131,2084,1888,19,7517,11338,69,18,37,1,216,867,1,477,1098,16,334,735,2,16,34,,526,2024,10,143,251,1,83,188,,126,173,3,2558,4828,26,,,,55,305,,307,769,5,575,740,7,174,415,2,174,626,1,3659,5008,43,1399,3236,23,714,2181,8,1622,2703,40,78,47,,1194,1526,7,4160,3272,59,4279,1617,19,2577,1047,28,1648,1230,20,38584,16206,408,25261,11496,310,371,104,1,5100,2324,47,,,,795,2056,5,5593,6371,65,6445,4599,30,1645,1929,12,2282,3167,37,14323,13881,163,8573,9925,122,3378,3374,23,3481,3293,18,769,934,7,2193,1427,17,2856,1236,6,2028,878,11,1173,1793,7,19850,10984,72,10434,6561,49,1340,424,3,11434,3115,37,46,5,,2881,2285,27,13502,5599,186,8579,3099,51,670,203,14,6123,2793,82,80446,29989,862,39196,17391,481,4000,1017,42,6437,3649,79,,,,2,29,,3,34,,,,,,10,,4,56,1,27,319,2,15,151,1,,,12,49,,,,
2015,344,714,3,2090,2011,8,1800,1121,3,1145,842,,572,847,6,4919,3238,15,1010,1608,7,639,325,,840,1095,5,,,1033,358,3,4733,964,57,2645,361,10,915,108,5,1925,440,16,19702,2456,137,10190,1639,80,2177,183,15,10551,1708,100,2,,,8467,4529,269,63941,16482,2850,28880,8578,1074,12679,2072,344,17090,4870,555,148598,18977,4392,2771,370,85,201,30,6,2114,578,73,,,,,,,,,,,,,,,,,,,,,,,,,,,,,,,388,1541,7,3385,4958,33,2359,2180,17,1157,1564,10,1068,1856,18,16222,18280,141,8598,14471,115,1888,1540,15,6325,9558,119,4,12,,181,767,3,451,1047,17,265,567,9,12,24,1,516,2167,8,110,172,2,60,123,2,93,170,2,1993,3139,21,,,,53,293,,305,676,6,671,652,2,231,474,3,242,687,6,4305,5130,58,1411,3207,23,671,1926,17,1644,2391,26,79,53,1,1359,1476,13,4205,3456,85,3783,1450,32,2200,1000,21,1703,1336,25,28979,10794,309,10936,4434,158,442,131,3,4336,1972,35,,,,767,2033,6,5010,5624,45,5585,3941,35,1643,1793,19,1988,3088,27,10767,9046,149,6301,6684,105,3391,2706,21,3096,2980,21,786,873,3,2141,1335,13,2435,1136,8,1849,887,1,1236,1777,13,19990,9577,74,9841,5503,42,1322,347,5,11243,2844,38,26,5,,2979,2490,36,13915,5964,214,7427,2653,60,574,196,12,6787,3361,89,78523,27037,981,36655,15251,556,4022,997,43,6105,2999,116,5,,,1,37,,1,19,,,,,,7,,1,44,,19,181,2,8,70,1,,,14,76,1,,,
2016,338,885,,2336,2336,8,1765,1187,7,1196,822,4,686,989,4,5586,3293,8,882,1552,1,653,354,2,803,1140,4,,,1033,384,17,5327,1124,50,2833,356,15,1041,137,9,2093,416,16,20396,2808,150,9905,1740,96,2055,115,17,9705,1602,119,1,1,,8377,4620,231,63134,16634,2818,27468,7674,1020,12852,2253,345,18342,5339,568,160997,20824,4561,2405,361,91,186,43,6,2113,465,73,,,,,,,,,,,,,,,,,,,,,,,,,,,,,,,316,1450,5,3508,5495,56,2198,2030,12,1215,1702,10,1139,2031,8,17011,18597,195,8608,15084,143,1751,1518,12,5836,8664,70,13,14,,205,752,5,476,1077,13,243,438,5,16,32,,469,2020,4,105,130,2,59,78,1,110,132,2,1072,1779,11,,,,56,340,,328,661,2,624,668,4,302,433,2,251,788,6,5101,5662,45,1715,3562,24,565,1758,2,1511,2301,17,25,45,1,1189,1406,11,4273,3445,78,3669,1323,22,2065,890,20,1870,1321,18,32861,12373,364,11946,4498,161,443,130,4,4024,1650,41,,,,842,2091,10,5073,5777,59,5879,3702,30,1723,1844,20,2199,3208,25,11870,9092,168,6465,6540,122,3097,2603,10,2835,2336,22,695,955,6,2500,1843,9,2341,978,2,2054,1064,10,1507,2004,9,22014,10744,77,10269,6237,49,1143,358,6,10633,2707,47,21,5,,3089,2633,50,13734,6088,274,7121,2658,80,645,228,11,7343,4233,123,85291,30088,1150,38934,16826,598,3378,885,42,5772,2898,135,,,,,38,,4,35,,,,,1,7,,4,44,,32,248,1,18,148,,1,1,15,118,,,,
2017,307,787,3,2307,2261,17,1822,1298,3,1398,1140,4,810,1171,7,6806,3663,28,989,1645,6,561,289,0,841,1092,2,,,1121,470,7,5791,1538,68,2850,424,18,1044,167,7,2271,451,19,24611,3467,191,11537,2155,109,2184,140,14,9436,1554,87,1,0,0,8759,4935,227,64272,16937,2528,25358,7752,755,13459,2330,346,18951,5815,530,163244,20764,3971,1523,306,142,191,24,10,1827,454,54,2,7,1,5,5,0,1,4,0,6,5,0,2,2,0,189,63,1,76,46,1,1,1,0,23,2,1,,,,322,1235,3,3568,5586,39,1994,1777,12,1353,1812,11,1254,2214,17,17880,19638,182,8599,15400,144,1814,1350,17,5469,8803,83,6,3,0,178,677,2,450,1158,5,230,448,4,17,22,0,638,2949,3,101,126,1,60,84,,100,157,3,775,1525,5,0,0,0,72,291,2,268,678,2,575,639,12,350,438,5,284,849,4,4920,5431,50,1581,3283,19,447,1675,4,1569,2410,16,25,16,0,1151,1381,15,4132,3452,88,3252,1237,20,1920,949,21,1840,1340,19,44596,19773,559,30058,14951,431,420,105,1,3386,1471,33,,,,715,1914,6,4941,5760,57,5441,3630,38,1898,1985,16,2341,3604,51,15572,11660,223,8108,8366,176,3335,2476,29,2810,2448,24,608,1056,3,2755,2502,16,2227,1242,10,1654,882,3,1518,2243,8,20766,10858,80,8542,5644,51,1210,316,0,8824,2433,32,3,2,0,2708,2489,23,13856,6352,198,6496,2470,42,483,262,6,7860,4939,86,85748,30355,1009,38645,16951,521,3359,835,37,5279,2526,69,14,2,1,1,25,,4,26,,,1,,1,11,,1,31,,20,182,,12,127,,1,3,34,219,,,,
2018,308,722,2,2070,2291,7,1798,1047,2,1366,1053,1,840,1261,2,6924,3468,12,816,1424,1,406,174,1,847,1013,2,,,1090,385,14,5683,1433,65,2867,423,16,903,142,5,2290,504,21,22671,3477,170,9702,1975,88,1755,122,12,9482,1654,91,0,0,0,8499,4945,219,65001,17203,2714,24227,7280,657,12658,2272,282,19313,5568,512,170159,21715,4341,1606,366,210,205,49,4,1894,479,70,0,3,0,2,2,0,0,0,0,1,2,0,3,0,0,45,13,1,20,8,1,0,0,0,13,3,1,0,0,0,250,862,3,3565,4606,52,1769,1323,9,1154,1487,10,1143,1983,12,19907,19533,186,9258,15578,143,1995,2008,27,4758,5745,50,12,5,0,149,1702,4,464,1624,18,284,573,8,14,25,0,1605,4555,12,159,197,,85,135,,109,235,0,880,2525,9,,,,37,293,1,238,655,3,479,648,6,371,404,2,248,793,5,4446,4258,41,1348,2593,18,495,1568,5,1334,2059,15,5,3,0,941,1319,10,3925,3410,57,2731,1330,37,1691,937,17,1722,1251,29,45039,21266,630,29453,15982,471,374,148,3,3146,1508,30,0,0,0,740,1963,1,4562,5374,50,4810,3353,33,1921,1915,11,2258,3335,44,17901,13671,179,8723,9616,137,3010,2525,27,2281,2239,24,486,892,2,2740,2359,16,1826,1037,6,1347,726,3,1406,1928,6,19229,9903,67,7497,5098,39,941,296,6,6445,2167,26,2,0,0,2415,2158,18,15363,8336,298,5904,2012,33,559,200,10,7752,4888,93,83904,30186,927,37022,17508,443,3292,888,30,4707,1945,64,2,1,0,1,46,,2,41,,,,,,9,,1,28,,18,227,1,14,185,1,,2,29,216,,,,
2019,150,334,1,1167,1213,5,931,489,6,637,569,3,293,515,1,3423,2231,5,394,820,1,205,115,0,452,472,1,,,1138,465,6,5339,1494,69,2935,443,21,779,129,7,2231,517,11,20391,3367,151,7394,1711,68,1711,131,13,8625,1470,95,1,0,0,8057,4847,181,62845,16962,2662,23599,7142,727,12037,2144,296,18970,5563,526,170724,22053,4487,1636,377,281,242,36,6,1896,454,62,9,8,0,16,5,0,3,2,0,3,2,0,10,7,1,108,40,2,35,23,0,5,0,0,26,12,2,0,0,0,139,621,3,2618,3377,36,1138,878,8,661,1078,15,725,1364,12,13033,12813,109,5056,9638,80,1318,1385,28,3234,4101,36,3,2,0,16,32,,89,259,2,36,33,1,28,36,,36,76,,147,245,,73,152,,118,94,,223,310,2,,,,47,256,1,208,698,0,448,525,1,287,367,3,199,796,1,4821,4076,38,1298,2335,17,534,1588,4,1380,2055,9,11,5,0,747,1037,17,3542,3328,84,2285,1129,17,1127,863,16,1384,1220,17,34479,17397,572,20315,12031,385,340,144,6,2475,1103,25,0,0,0,363,1220,6,2438,3731,34,2607,1978,33,1264,1508,11,890,1500,10,15755,11413,123,5337,7142,61,1462,1582,7,999,1101,10,453,828,4,2741,2634,15,1649,1021,5,1177,634,7,1285,2109,6,15442,8241,56,5126,3825,30,686,283,3,5881,2260,22,15,5,0,2125,2163,25,14510,9026,269,5388,2111,41,549,180,5,6606,4439,77,71748,25695,744,26088,12626,275,2784,793,30,4415,1642,64,18,2,0,3,51,,2,50,,,,,1,14,,3,41,,51,704,1,31,518,1,,1,33,301,1,,,
,,,,,,,,,,,,,,,,,,,,,,,,,,,,,,,,,,,,,,,,,,,,,,,,,,,,,,,,,,,,,,,,,,,,,,,,,,,,,,,,,,,,,,,,,,,,,,,,,,,,,,,,,,,,,,,,,,,,,,,,,,,,,,,,,,,,,,,,,,,,,,,,,,,,,,,,,,,,,,,,,,,,,,,,,,,,,,,,,,,,,,,,,,,,,,,,,,,,,,,,,,,,,,,,,,,,,,,,,,,,,,,,,,,,,,,,,,,,,,,,,,,,,,,,,,,,,,,,,,,,,,,,,,,,,,,,,,,,,,,,,,,,,,,,,,,,,,,,,,,,,,,,,,,,,,,,,,,,,,,,,,,,,,,,,,,,,,,,,,,,,,,,,,,,,,,,
,,,,,,,,,,,,,,,,,,,,,,,,,,,,,,,,,,,,,,,,,,,,,,,,,,,,,,,,,,,,,,,,,,,,,,,,,,,,,,,,,,,,,,,,,,,,,,,,,,,,,,,,,,,,,,,,,,,,,,,,,,,,,,,,,,,,,,,,,,,,,,,,,,,,,,,,,,,,,,,,,,,,,,,,,,,,,,,,,,,,,,,,,,,,,,,,,,,,,,,,,,,,,,,,,,,,,,,,,,,,,,,,,,,,,,,,,,,,,,,,,,,,,,,,,,,,,,,,,,,,,,,,,,,,,,,,,,,,,,,,,,,,,,,,,,,,,,,,,,,,,,,,,,,,,,,,,,,,,,,,,,,,,,,,,,,,,,,,,,,,,,,,,,,,,,,,
,,,,,,,,,,,,,,,,,,,,,,,,,,,,,,,,,,,,,,,,,,,,,,,,,,,,,,,,,,,,,,,,,,,,,,,,,,,,,,,,,,,,,,,,,,,,,,,,,,,,,,,,,,,,,,,,,,,,,,,,,,,,,,,,,,,,,,,,,,,,,,,,,,,,,,,,,,,,,,,,,,,,,,,,,,,,,,,,,,,,,,,,,,,,,,,,,,,,,,,,,,,,,,,,,,,,,,,,,,,,,,,,,,,,,,,,,,,,,,,,,,,,,,,,,,,,,,,,,,,,,,,,,,,,,,,,,,,,,,,,,,,,,,,,,,,,,,,,,,,,,,,,,,,,,,,,,,,,,,,,,,,,,,,,,,,,,,,,,,,,,,,,,,,,,,,,
Publisher:," ""Federal Bureau of Investigation""",,,,,,,,,,,,,,,,,,,,,,,,,,,,,,,,,,,,,,,,,,,,,,,,,,,,,,,,,,,,,,,,,,,,,,,,,,,,,,,,,,,,,,,,,,,,,,,,,,,,,,,,,,,,,,,,,,,,,,,,,,,,,,,,,,,,,,,,,,,,,,,,,,,,,,,,,,,,,,,,,,,,,,,,,,,,,,,,,,,,,,,,,,,,,,,,,,,,,,,,,,,,,,,,,,,,,,,,,,,,,,,,,,,,,,,,,,,,,,,,,,,,,,,,,,,,,,,,,,,,,,,,,,,,,,,,,,,,,,,,,,,,,,,,,,,,,,,,,,,,,,,,,,,,,,,,,,,,,,,,,,,,,,,,,,,,,,,,,,,,,,,,,,,,,,,
Copyright:," ""The data contained in Data Planet(tm): A SAGE Publishing Resource is made available via license agreement with subscribing organizations. Your organization's license may vary from this version.""",,,,,,,,,,,,,,,,,,,,,,,,,,,,,,,,,,,,,,,,,,,,,,,,,,,,,,,,,,,,,,,,,,,,,,,,,,,,,,,,,,,,,,,,,,,,,,,,,,,,,,,,,,,,,,,,,,,,,,,,,,,,,,,,,,,,,,,,,,,,,,,,,,,,,,,,,,,,,,,,,,,,,,,,,,,,,,,,,,,,,,,,,,,,,,,,,,,,,,,,,,,,,,,,,,,,,,,,,,,,,,,,,,,,,,,,,,,,,,,,,,,,,,,,,,,,,,,,,,,,,,,,,,,,,,,,,,,,,,,,,,,,,,,,,,,,,,,,,,,,,,,,,,,,,,,,,,,,,,,,,,,,,,,,,,,,,,,,,,,,,,,,,,,,,,,
